dataset,loss,pretrained_model,trained_model,accuracy,precision,recall,f1_score,distance_1,distance_2,off-by-1-accuracy,mae,mse,kendalltau,distrib-0,distrib-1,distrib-2,distance_3,distance_4,off-by-2-accuracy,off-by-3-accuracy,distrib-3,distrib-4,lr,epochs
snli,BCE,google/bert-tiny,bert_uncased_L-2_H-128_A-2-snli-BCE-1_36_ep_0.0001_lr_1024_batch,0.8294,0.8325,0.8294,0.8303,0.1529,0.0177,0.9823,0.188314332247557,0.2237377850162866,0.7995593114103188,3325,3465.0,3034.0,,,,,,,0.0001,36.0
snli,CE,google/bert-tiny,bert_uncased_L-2_H-128_A-2-snli-CE-1_36_ep_0.0001_lr_1024_batch,0.8356,0.8354,0.8356,0.8354,0.141,0.0234,0.9766,0.1878053745928338,0.2346294788273615,0.796612143417612,3459,3198.0,3167.0,,,,,,,0.0001,36.0
snli,CORAL,google/bert-tiny,bert_uncased_L-2_H-128_A-2-snli-CORAL-1_36_ep_0.0001_lr_1024_batch,0.8293,0.8288,0.8293,0.829,0.1537,0.017,0.983,0.1877035830618892,0.2217019543973941,0.8033064265754831,3430,3167.0,3227.0,,,,,,,0.0001,36.0
snli,EMD,google/bert-tiny,bert_uncased_L-2_H-128_A-2-snli-EMD-1_36_ep_0.0001_lr_1024_batch,0.8372,0.8373,0.8372,0.8372,0.1421,0.0207,0.9793,0.1834283387622149,0.2247557003257329,0.802986211601539,3387,3229.0,3208.0,,,,,,,0.0001,36.0
snli,OLL1,google/bert-tiny,bert_uncased_L-2_H-128_A-2-snli-OLL1-1_36_ep_0.0001_lr_1024_batch,0.8268,0.8313,0.8268,0.828,0.1557,0.0175,0.9825,0.190757328990228,0.2257736156351791,0.7967996991641917,3266,3545.0,3013.0,,,,,,,0.0001,36.0
snli,OLL15,google/bert-tiny,bert_uncased_L-2_H-128_A-2-snli-OLL15-1_36_ep_0.0001_lr_1024_batch,0.8227,0.8296,0.8227,0.8245,0.1631,0.0143,0.9857,0.191571661237785,0.2200732899022801,0.7986915772975751,3150,3645.0,3029.0,,,,,,,0.0001,36.0
snli,OLL2,google/bert-tiny,bert_uncased_L-2_H-128_A-2-snli-OLL2-1_36_ep_0.0001_lr_1024_batch,0.8149,0.8245,0.8149,0.8173,0.1725,0.0125,0.9875,0.1975773615635179,0.2226180781758957,0.7943563411674103,3129,3742.0,2953.0,,,,,,,0.0001,36.0
snli,SOFT2,google/bert-tiny,bert_uncased_L-2_H-128_A-2-snli-SOFT2-1_36_ep_0.0001_lr_1024_batch,0.833,0.833,0.833,0.8329,0.1442,0.0228,0.9772,0.1898412052117263,0.2354438110749185,0.7949604035759472,3421,3230.0,3173.0,,,,,,,0.0001,36.0
snli,SOFT3,google/bert-tiny,bert_uncased_L-2_H-128_A-2-snli-SOFT3-1_36_ep_0.0001_lr_1024_batch,0.8341,0.8343,0.8341,0.8341,0.1428,0.0231,0.9769,0.1890268729641693,0.2352402280130293,0.795222733806422,3421,3252.0,3151.0,,,,,,,0.0001,36.0
snli,SOFT4,google/bert-tiny,bert_uncased_L-2_H-128_A-2-snli-SOFT4-1_36_ep_0.0001_lr_1024_batch,0.8362,0.8365,0.8362,0.8362,0.1408,0.023,0.977,0.1867874592833876,0.2327972312703583,0.7976808366372877,3465,3248.0,3111.0,,,,,,,0.0001,36.0
snli,WKL,google/bert-tiny,bert_uncased_L-2_H-128_A-2-snli-WKL-1_36_ep_0.0001_lr_1024_batch,0.7885,0.7892,0.7885,0.7888,0.1913,0.0203,0.9797,0.231779315960912,0.2722923452768729,0.7585774083937603,3324,3268.0,3232.0,,,,,,,0.0001,36.0
sst5,BCE,google/bert-tiny,bert_uncased_L-2_H-128_A-2-sst5-BCE-1_2340_ep_0.0001_lr_1024_batch,0.3819,0.4428,0.3819,0.3287,0.481,0.1149,0.8629,0.7773755656108597,1.1402714932126696,0.5208132268767437,20,878.0,404.0,0.0222,0.0,0.9778,1.0,871.0,37.0,0.0001,2340.0
sst5,CE,google/bert-tiny,bert_uncased_L-2_H-128_A-2-sst5-CE-1_2340_ep_0.0001_lr_1024_batch,0.4253,0.3947,0.4253,0.3595,0.4262,0.1163,0.8516,0.7552036199095022,1.1805429864253394,0.5363928947352589,0,1102.0,73.0,0.0321,0.0,0.9679,1.0,854.0,,0.0001,2340.0
sst5,CORAL,google/bert-tiny,bert_uncased_L-2_H-128_A-2-sst5-CORAL-1_2340_ep_0.0001_lr_1024_batch,0.2864,0.082,0.2864,0.1275,0.3023,0.2308,0.5887,1.3054298642533937,2.8502262443438915,,0,,,0.1805,0.0,0.8195,1.0,,,0.0001,2340.0
sst5,EMD,google/bert-tiny,bert_uncased_L-2_H-128_A-2-sst5-EMD-1_2340_ep_0.0001_lr_1024_batch,0.4262,0.3804,0.4262,0.3547,0.4226,0.1181,0.8489,0.7579185520361991,1.1923076923076923,0.5400910801618609,0,1111.0,37.0,0.033,0.0,0.967,1.0,831.0,,0.0001,2340.0
sst5,OLL1,google/bert-tiny,bert_uncased_L-2_H-128_A-2-sst5-OLL1-1_2340_ep_0.0001_lr_1024_batch,0.4018,0.4343,0.4018,0.3875,0.4566,0.1231,0.8584,0.7583710407239819,1.1158371040723982,0.5337797143656802,58,789.0,464.0,0.0186,0.0,0.9814,1.0,708.0,191.0,0.0001,2340.0
sst5,OLL15,google/bert-tiny,bert_uncased_L-2_H-128_A-2-sst5-OLL15-1_2340_ep_0.0001_lr_1024_batch,0.4023,0.4445,0.4023,0.3714,0.4615,0.1163,0.8638,0.7538461538461538,1.1058823529411763,0.5341077758724612,15,874.0,430.0,0.0199,0.0,0.9801,1.0,737.0,154.0,0.0001,2340.0
sst5,OLL2,google/bert-tiny,bert_uncased_L-2_H-128_A-2-sst5-OLL2-1_2340_ep_0.0001_lr_1024_batch,0.39,0.4333,0.39,0.3404,0.4715,0.1163,0.8615,0.7705882352941177,1.1361990950226244,0.5227822310025532,2,922.0,395.0,0.0222,0.0,0.9778,1.0,810.0,81.0,0.0001,2340.0
sst5,SOFT2,google/bert-tiny,bert_uncased_L-2_H-128_A-2-sst5-SOFT2-1_2340_ep_0.0001_lr_1024_batch,0.4276,0.5108,0.4276,0.3698,0.4276,0.1154,0.8552,0.746606334841629,1.1538461538461535,0.5385421161496055,1,1119.0,139.0,0.0294,0.0,0.9706,1.0,760.0,191.0,0.0001,2340.0
sst5,SOFT3,google/bert-tiny,bert_uncased_L-2_H-128_A-2-sst5-SOFT3-1_2340_ep_0.0001_lr_1024_batch,0.4253,0.3836,0.4253,0.3683,0.4281,0.1154,0.8534,0.7524886877828054,1.1705882352941177,0.5377522776425671,0,1005.0,122.0,0.0312,0.0,0.9688,1.0,883.0,,0.0001,2340.0
sst5,SOFT4,google/bert-tiny,bert_uncased_L-2_H-128_A-2-sst5-SOFT4-1_2340_ep_0.0001_lr_1024_batch,0.4253,0.3864,0.4253,0.3632,0.4258,0.1176,0.8511,0.7547511312217194,1.1773755656108598,0.5358923132547163,0,1080.0,94.0,0.0312,0.0,0.9688,1.0,843.0,,0.0001,2340.0
sst5,WKL,google/bert-tiny,bert_uncased_L-2_H-128_A-2-sst5-WKL-1_2340_ep_0.0001_lr_1024_batch,0.3928,0.3992,0.3928,0.3948,0.4312,0.1443,0.824,0.8180995475113122,1.3158371040723982,0.5198674964462922,294,598.0,484.0,0.0285,0.0032,0.9683,0.9968,441.0,393.0,0.0001,2340.0
yelp,BCE,google/bert-tiny,bert_uncased_L-2_H-128_A-2-yelp-BCE-1_34_ep_0.0001_lr_1024_batch,0.5852,0.5971,0.5852,0.5895,0.359,0.0427,0.9443,0.48658,0.66866,0.7432075512708566,8974,10932.0,10412.0,0.0099,0.0031,0.987,0.9969,11041.0,8641.0,0.0001,34.0
yelp,CE,google/bert-tiny,bert_uncased_L-2_H-128_A-2-yelp-CE-1_34_ep_0.0001_lr_1024_batch,0.5915,0.5946,0.5915,0.5927,0.3459,0.0429,0.9375,0.49796,0.74548,0.7319983370885623,9279,10157.0,9664.0,0.0124,0.0073,0.9803,0.9927,10741.0,10159.0,0.0001,34.0
yelp,CORAL,google/bert-tiny,bert_uncased_L-2_H-128_A-2-yelp-CORAL-1_34_ep_0.0001_lr_1024_batch,0.4936,0.4677,0.4936,0.4,0.3865,0.0975,0.8802,0.65626,1.03174,0.7197144786026883,18140,1253.0,11674.0,0.0146,0.0078,0.9777,0.9922,1306.0,17627.0,0.0001,34.0
yelp,EMD,google/bert-tiny,bert_uncased_L-2_H-128_A-2-yelp-EMD-1_34_ep_0.0001_lr_1024_batch,0.5904,0.5886,0.5904,0.5894,0.3482,0.044,0.9386,0.49486,0.72594,0.7375171773974332,10294,9857.0,9816.0,0.0109,0.0065,0.9826,0.9935,9866.0,10167.0,0.0001,34.0
yelp,OLL1,google/bert-tiny,bert_uncased_L-2_H-128_A-2-yelp-OLL1-1_34_ep_0.0001_lr_1024_batch,0.5851,0.5912,0.5851,0.5877,0.356,0.0454,0.9411,0.4909,0.6839,0.7408328693321308,9318,10477.0,10400.0,0.01,0.0035,0.9865,0.9965,10454.0,9351.0,0.0001,34.0
yelp,OLL15,google/bert-tiny,bert_uncased_L-2_H-128_A-2-yelp-OLL15-1_34_ep_0.0001_lr_1024_batch,0.5832,0.6018,0.5832,0.5891,0.3622,0.043,0.9454,0.48572,0.65764,0.7439072480407085,8121,11546.0,10787.0,0.0089,0.0027,0.9884,0.9973,11072.0,8474.0,0.0001,34.0
yelp,OLL2,google/bert-tiny,bert_uncased_L-2_H-128_A-2-yelp-OLL2-1_34_ep_0.0001_lr_1024_batch,0.5751,0.6005,0.5751,0.582,0.371,0.0431,0.9462,0.4913,0.65314,0.7423890299089384,7613,12201.0,10679.0,0.0089,0.0019,0.9892,0.9981,11480.0,8027.0,0.0001,34.0
yelp,SOFT2,google/bert-tiny,bert_uncased_L-2_H-128_A-2-yelp-SOFT2-1_34_ep_0.0001_lr_1024_batch,0.5907,0.5879,0.5907,0.5891,0.3454,0.0445,0.9362,0.4999,0.74966,0.7333746332170253,10165,9851.0,9753.0,0.0119,0.0074,0.9806,0.9926,9576.0,10655.0,0.0001,34.0
yelp,SOFT3,google/bert-tiny,bert_uncased_L-2_H-128_A-2-yelp-SOFT3-1_34_ep_0.0001_lr_1024_batch,0.5908,0.5918,0.5908,0.5911,0.3462,0.0433,0.937,0.49922,0.74834,0.7321678503143174,9467,9975.0,9797.0,0.0122,0.0074,0.9804,0.9926,10296.0,10465.0,0.0001,34.0
yelp,SOFT4,google/bert-tiny,bert_uncased_L-2_H-128_A-2-yelp-SOFT4-1_34_ep_0.0001_lr_1024_batch,0.591,0.5933,0.591,0.5918,0.3457,0.0437,0.9367,0.49952,0.75008,0.7312950700583389,9327,10064.0,9694.0,0.0121,0.0076,0.9804,0.9924,10606.0,10309.0,0.0001,34.0
yelp,WKL,google/bert-tiny,bert_uncased_L-2_H-128_A-2-yelp-WKL-1_34_ep_0.0001_lr_1024_batch,0.5563,0.5509,0.5563,0.553,0.375,0.0552,0.9313,0.52804,0.7326,0.7301657492305018,10749,9097.0,9317.0,0.0113,0.0022,0.9865,0.9978,10209.0,10628.0,0.0001,34.0
